,Apareiodon_affinis,Astyanax_aff_paranae,Astyanax_altiparane,Astyanax_fasciatus,Astyanax_scabripinnis,Bryconamericus_stramineus,Characidium_aff_zebra,Cichlasoma_paranaense,Cyphocharax_nagelii,Eigenmmania_virescens,Galeocharax_knerii,Geophagus_brasiliensis,Hoplias_lacerdae,Hypostomus_aff_margaritifer,Hypostomus_sp,Iheringichthys_labrosus,Knodus_moenkhausii,Leporellus_vittatus,Leporinus_amblyrhynchus,Leporinus_elongatus,Leporinus_friderici,Leporinus_octofasciatus,Leporinus_striatus,Odontostilbe_sp,Parodon_nasus,Piabina_argentea,Pimelodus_heraldoi,Pimelodus_maculatus,Prochilodus_lineatus,Schizodon_nasutus,Serrapinus_heterodon,Serrapinus_sp
Vegetable,0.1,0,4.491017964,34.13413413,33.33333333,58.35835836,0,0,1.298701299,1.498501499,0,6.293706294,0,0.1001001,50.02501251,15.8,16.38361638,20.75289575,1.497005988,82.04613842,61.36801541,25.32532533,100,6.106106106,100,42.24224224,0,35.67134269,0,95,13.34002006,0
Sediments,52.7,33.33333333,0.099800399,0.2002002,33.33333333,1.001001001,12.5,0,98.6013986,10.98901099,0,44.75524476,0,54.45445445,0,33.7,20.97902098,10.52123552,13.67265469,0.601805416,1.637764933,18.01801802,0,43.54354354,0,11.01101101,0,4.909819639,100,1.9,40.9227683,100
Fruit,0,0,83.33333333,59.55955956,0,0,0,0,0,0,0,0,0,0,48.37418709,0,0.0999001,0,0,0.100300903,28.70905588,55.65565566,0,0,0,13.81381381,0,4.709418838,0,0,0,0
Algae,44,33.33333333,0,2.802802803,0,0.1001001,0,50,0,0.699300699,0,0.699300699,0,0,0,0.1,25.37462537,0,0,0,0,0,0,43.54354354,0,5.005005005,0,5.611222445,0,3.1,20.86258776,0
Detritus,1.4,0,0.299401198,0.2002002,33.33333333,9.90990991,12.5,50,0,0.699300699,0,34.26573427,0,45.44544545,0,0,15.18481518,0.096525097,1.497005988,0,2.986512524,0.1001001,0,0.700700701,0,11.51151151,0,10.52104208,0,0,13.34002006,0
Seeds,0,0,0,0,0,0,0,0,0.0999001,0,0,0,0,0,1.6008004,1.8,0,0,0,15.74724173,0,0,0,0,0,0,0,0,0,0,0,0
Fish,1.8,0,0.299401198,0,0,0.3003003,0,0,0,0,100,0,100,0,0,0,0,0,0,0,1.734104046,0,0,0,0,0,99.99730007,0.400801603,0,0,0,0
Aquatic_invertebrates,0,33.33333333,11.37724551,2.802802803,0,29.72972973,75,0,0,85.91408591,0,13.98601399,0,0,0,48.6,21.87812188,68.53281853,83.13373253,1.504513541,3.564547206,0.900900901,0,6.106106106,0,16.41641642,0.002699927,33.96793587,0,0,11.53460381,0
Terrestrial_insect,0,0,0.099800399,0.3003003,0,0.600600601,0,0,0,0.1998002,0,0,0,0,0,0,0.0999001,0.096525097,0.199600798,0,0,0,0,0,0,0,0,4.208416834,0,0,0,0
