,Astyanax_altiparanae,Astyanax_fasciatus,Serrapinnus_notomelas,Hypostomus_ancistroides,Hemigrammus_marginatus,Crenicichla_britskii,Corydoras_aeneus
Algae,16.99788181,22.06851572,8.52290805,0,70.30839895,16.05107252,0
Macrophytes,16.6956232,29.20156529,10.68644607,2.843361259,19.58661417,10.06128703,100
Terrestrial_Arthropod,20.870124,23.7642455,3.05838371,1.954810866,10.10498688,14.45760981,0
Aquatic_Insect,23.79989052,0,0,0,0,20.42900919,0
Unidentified_material,21.63648047,24.96567349,18.07588291,0,0,18.57201226,0
 Sediment,0,0,39.7709195,63.46788525,0,0,0
Other,0,0,19.88545975,31.73394263,0,20.42900919,0
