,Acnodon_normani,Anchoviella_carrikeri,Apareiodon_argenteus,Bivibranchia_velox,Bryconops_alburnoides,Colomesus_asellus,Creagrutus_britskii,Creagrutus_mucipu,Cyphocharax_festivus,Galeocharax_gulo,Geophagus_aff_altifrons,Jupiaba_elassonaktis,Knodus_aff_orteguasae,Knodus_heteresthes,Moenkhausia_loweae,Myleus_torquatus,Retroculus_lapidifer,Retroculus_sp,Steindachnerina_gracilis,Vandellia_sp
Algae,0,0,80.092,2.012,0,0.77299227,0.0099998,0,13.5401354,10.53889461,0,0,3.47503475,6.358,1.05398946,0.19799802,0.018,0.14900149,29.202,0
Detritus,0,0,12.523,0,0,0,0.02899942,0,52.9195292,0,0,0,0,0,0,0,0,0,52.191,0
Aquatic_insect,67.405,86.124,0,72.147,52.638,95.74904251,22.18255635,54.2104579,0,0,88.227,57.40757408,58.80258803,46.306,16.61883381,80.8701913,86.551,96.93796938,0,0
Terrestrial_insects,1.513,6.461,0,0,46.671,0.87699123,1.582968341,0.74399256,0,2.16597834,0,0.3700037,19.40119401,1.781,47.43352566,0.19799802,0,0,0,0
Aquatic_invertebrates,10.44,0.461,7.018,0.78,0.182,0.33299667,1.385972281,9.369906301,16.27316273,22.61777382,0.578,13.33313333,0.8900089,2.911,0.36799632,0.13199868,1.588,1.54601546,9.715,0
Terrestrial_invertebrates,0,0.118,0,0,0,0,0,0,0,0,0,0,0.13400134,0.007,0,0,0,0,0,0
Microcracks,0,6.722,0,23.24,0.036,0.43099569,0.05099898,0.27899721,0,0,11.137,26.96326963,0.96500965,1.217,0.07099929,0,11.529,0.17800178,0.081,0
Fish,18.308,0.114,0,0,0.182,0.24399756,0.01299974,0,0,0,0,0,0.03900039,0.045,0.66499335,0,0,0,0,100
Vegetables,2.334,0,0.367,1.821,0.291,1.59298407,74.74550509,35.39664603,17.26717267,64.67735323,0.058,1.92601926,16.29316293,41.375,33.7896621,18.60181398,0.314,1.18901189,8.811,0
